‚Ññ,–ú–æ–¥—É–ª—å,–û–ø–∏—Å–∞–Ω–∏–µ –¥–µ–π—Å—Ç–≤–∏—è –≤ –ø—Ä–∏–ª–æ–∂–µ–Ω–∏–∏,–û–∂–∏–¥–∞–µ–º—ã–π —Ä–µ–∑—É–ª—å—Ç–∞—Ç,–†–µ–∑—É–ª—å—Ç–∞—Ç –ø–æ —Ñ–∞–∫—Ç—É,–ü—Ä–∏–º–µ—á–∞–Ω–∏—è
1.1,–†–µ–≥–∏—Å—Ç—Ä–∞—Ü–∏—è,–û—Ç–∫—Ä—ã—Ç—å —Å—Ç—Ä–∞–Ω–∏—Ü—É —Ä–µ–≥–∏—Å—Ç—Ä–∞—Ü–∏–∏ –∑–∞–ø–æ–ª–Ω–∏—Ç—å –≤—Å–µ –ø–æ–ª—è (email –Ω–∏–∫–Ω–µ–π–º –ø–∞—Ä–æ–ª—å) –Ω–∞–∂–∞—Ç—å "–ó–∞—Ä–µ–≥–∏—Å—Ç—Ä–∏—Ä–æ–≤–∞—Ç—å—Å—è",–ü–æ–ª—å–∑–æ–≤–∞—Ç–µ–ª—å —É—Å–ø–µ—à–Ω–æ –∑–∞—Ä–µ–≥–∏—Å—Ç—Ä–∏—Ä–æ–≤–∞–Ω –∞–≤—Ç–æ–º–∞—Ç–∏—á–µ—Å–∫–∏–π –≤—Ö–æ–¥ –≤ —Å–∏—Å—Ç–µ–º—É –ø–µ—Ä–µ—Ö–æ–¥ –Ω–∞ –≥–ª–∞–≤–Ω—É—é —Å—Ç—Ä–∞–Ω–∏—Ü—É,,
1.2,–†–µ–≥–∏—Å—Ç—Ä–∞—Ü–∏—è,–ü–æ–ø—ã—Ç–∫–∞ —Ä–µ–≥–∏—Å—Ç—Ä–∞—Ü–∏–∏ —Å –Ω–µ–≤–∞–ª–∏–¥–Ω—ã–º email (–Ω–∞–ø—Ä–∏–º–µ—Ä "test@"),–û—Ç–æ–±—Ä–∞–∂–µ–Ω–∏–µ –æ—à–∏–±–∫–∏ –≤–∞–ª–∏–¥–∞—Ü–∏–∏ —Ä–µ–≥–∏—Å—Ç—Ä–∞—Ü–∏—è –Ω–µ –≤—ã–ø–æ–ª–Ω—è–µ—Ç—Å—è,,
1.3,–†–µ–≥–∏—Å—Ç—Ä–∞—Ü–∏—è,–ü–æ–ø—ã—Ç–∫–∞ —Ä–µ–≥–∏—Å—Ç—Ä–∞—Ü–∏–∏ —Å –ø–∞—Ä–æ–ª–µ–º –º–µ–Ω–µ–µ 6 —Å–∏–º–≤–æ–ª–æ–≤,–û—Ç–æ–±—Ä–∞–∂–µ–Ω–∏–µ –æ—à–∏–±–∫–∏ –≤–∞–ª–∏–¥–∞—Ü–∏–∏ —Ä–µ–≥–∏—Å—Ç—Ä–∞—Ü–∏—è –Ω–µ –≤—ã–ø–æ–ª–Ω—è–µ—Ç—Å—è,,
1.4,–†–µ–≥–∏—Å—Ç—Ä–∞—Ü–∏—è,–ü–æ–ø—ã—Ç–∫–∞ —Ä–µ–≥–∏—Å—Ç—Ä–∞—Ü–∏–∏ —Å email –∫–æ—Ç–æ—Ä—ã–π —É–∂–µ —Å—É—â–µ—Å—Ç–≤—É–µ—Ç –≤ —Å–∏—Å—Ç–µ–º–µ,–û—Ç–æ–±—Ä–∞–∂–µ–Ω–∏–µ –æ—à–∏–±–∫–∏ –æ —Å—É—â–µ—Å—Ç–≤—É—é—â–µ–º –ø–æ–ª—å–∑–æ–≤–∞—Ç–µ–ª–µ,,
1.5,–í—Ö–æ–¥,–û—Ç–∫—Ä—ã—Ç—å —Å—Ç—Ä–∞–Ω–∏—Ü—É –≤—Ö–æ–¥–∞ –≤–≤–µ—Å—Ç–∏ –∫–æ—Ä—Ä–µ–∫—Ç–Ω—ã–µ email –∏ –ø–∞—Ä–æ–ª—å –Ω–∞–∂–∞—Ç—å "–í–æ–π—Ç–∏",–£—Å–ø–µ—à–Ω—ã–π –≤—Ö–æ–¥ –≤ —Å–∏—Å—Ç–µ–º—É –ø–µ—Ä–µ—Ö–æ–¥ –Ω–∞ –≥–ª–∞–≤–Ω—É—é —Å—Ç—Ä–∞–Ω–∏—Ü—É,,
1.6,–í—Ö–æ–¥,–ü–æ–ø—ã—Ç–∫–∞ –≤—Ö–æ–¥–∞ —Å –Ω–µ–≤–µ—Ä–Ω—ã–º –ø–∞—Ä–æ–ª–µ–º,–û—Ç–æ–±—Ä–∞–∂–µ–Ω–∏–µ –æ—à–∏–±–∫–∏ "–ù–µ–≤–µ—Ä–Ω—ã–π email –∏–ª–∏ –ø–∞—Ä–æ–ª—å",,
1.7,–í—Ö–æ–¥,–ü–æ–ø—ã—Ç–∫–∞ –≤—Ö–æ–¥–∞ —Å –Ω–µ—Å—É—â–µ—Å—Ç–≤—É—é—â–∏–º email,–û—Ç–æ–±—Ä–∞–∂–µ–Ω–∏–µ –æ—à–∏–±–∫–∏ "–ù–µ–≤–µ—Ä–Ω—ã–π email –∏–ª–∏ –ø–∞—Ä–æ–ª—å",,
1.8,–ù–∞–≤–∏–≥–∞—Ü–∏—è,–ü–æ–ø—ã—Ç–∫–∞ –ø–µ—Ä–µ–π—Ç–∏ –Ω–∞ –∑–∞—â–∏—â–µ–Ω–Ω—ã–µ —Å—Ç—Ä–∞–Ω–∏—Ü—ã –±–µ–∑ –∞–≤—Ç–æ—Ä–∏–∑–∞—Ü–∏–∏,–ê–≤—Ç–æ–º–∞—Ç–∏—á–µ—Å–∫–æ–µ –ø–µ—Ä–µ–Ω–∞–ø—Ä–∞–≤–ª–µ–Ω–∏–µ –Ω–∞ —Å—Ç—Ä–∞–Ω–∏—Ü—É –≤—Ö–æ–¥–∞,,
1.9,–í—ã—Ö–æ–¥,–ù–∞–∂–∞—Ç—å –∫–Ω–æ–ø–∫—É "–í—ã–π—Ç–∏" –≤ –Ω–∞–≤–∏–≥–∞—Ü–∏–∏,–í—ã—Ö–æ–¥ –∏–∑ —Å–∏—Å—Ç–µ–º—ã –ø–µ—Ä–µ—Ö–æ–¥ –Ω–∞ —Å—Ç—Ä–∞–Ω–∏—Ü—É –≤—Ö–æ–¥–∞ —Ç–æ–∫–µ–Ω —É–¥–∞–ª–µ–Ω,,
2.1,–ì–ª–∞–≤–Ω–∞—è —Å—Ç—Ä–∞–Ω–∏—Ü–∞,–ê–≤—Ç–æ—Ä–∏–∑–æ–≤–∞—Ç—å—Å—è –∏ –ø–µ—Ä–µ–π—Ç–∏ –Ω–∞ –≥–ª–∞–≤–Ω—É—é —Å—Ç—Ä–∞–Ω–∏—Ü—É,–û—Ç–æ–±—Ä–∞–∂–µ–Ω–∏–µ —Ç—Ä–µ—Ö –∫–∞—Ä—Ç–æ—á–µ–∫ –∏–≥—Ä–æ–≤—ã—Ö —Ä–µ–∂–∏–º–æ–≤ (–ü–æ –∫–∞–¥—Ä—É –ü–æ –≤–∏–¥–µ–æ—Ñ—Ä–∞–≥–º–µ–Ω—Ç—É –ü–æ —Ü–∏—Ç–∞—Ç–µ) –Ω–∞–≤–∏–≥–∞—Ü–∏–æ–Ω–Ω–æ–µ –º–µ–Ω—é —Å –Ω–∏–∫–Ω–µ–π–º–æ–º –ø–æ–ª—å–∑–æ–≤–∞—Ç–µ–ª—è,,
2.2,–ì–ª–∞–≤–Ω–∞—è —Å—Ç—Ä–∞–Ω–∏—Ü–∞,–ù–∞–∂–∞—Ç—å –Ω–∞ –∫–∞—Ä—Ç–æ—á–∫—É "–ü–æ –∫–∞–¥—Ä—É",–ü–µ—Ä–µ—Ö–æ–¥ –Ω–∞ —Å—Ç—Ä–∞–Ω–∏—Ü—É –∏–≥—Ä—ã –≤ —Ä–µ–∂–∏–º–µ "frame",,
2.3,–ì–ª–∞–≤–Ω–∞—è —Å—Ç—Ä–∞–Ω–∏—Ü–∞,–ù–∞–∂–∞—Ç—å –Ω–∞ –∫–∞—Ä—Ç–æ—á–∫—É "–ü–æ –≤–∏–¥–µ–æ—Ñ—Ä–∞–≥–º–µ–Ω—Ç—É",–ü–µ—Ä–µ—Ö–æ–¥ –Ω–∞ —Å—Ç—Ä–∞–Ω–∏—Ü—É –∏–≥—Ä—ã –≤ —Ä–µ–∂–∏–º–µ "video",,
2.4,–ì–ª–∞–≤–Ω–∞—è —Å—Ç—Ä–∞–Ω–∏—Ü–∞,–ù–∞–∂–∞—Ç—å –Ω–∞ –∫–∞—Ä—Ç–æ—á–∫—É "–ü–æ —Ü–∏—Ç–∞—Ç–µ",–ü–µ—Ä–µ—Ö–æ–¥ –Ω–∞ —Å—Ç—Ä–∞–Ω–∏—Ü—É –∏–≥—Ä—ã –≤ —Ä–µ–∂–∏–º–µ "quote",,
2.5,–ì–ª–∞–≤–Ω–∞—è —Å—Ç—Ä–∞–Ω–∏—Ü–∞,–ù–∞–∂–∞—Ç—å "–ü—Ä–æ—Ñ–∏–ª—å" –≤ –Ω–∞–≤–∏–≥–∞—Ü–∏–∏,–ü–µ—Ä–µ—Ö–æ–¥ –Ω–∞ —Å—Ç—Ä–∞–Ω–∏—Ü—É –ø—Ä–æ—Ñ–∏–ª—è,,
2.6,–ì–ª–∞–≤–Ω–∞—è —Å—Ç—Ä–∞–Ω–∏—Ü–∞,–ù–∞–∂–∞—Ç—å "–†–µ–π—Ç–∏–Ω–≥" –≤ –Ω–∞–≤–∏–≥–∞—Ü–∏–∏,–ü–µ—Ä–µ—Ö–æ–¥ –Ω–∞ —Å—Ç—Ä–∞–Ω–∏—Ü—É —Ä–µ–π—Ç–∏–Ω–≥–∞,,
3.1,–ò–≥—Ä–æ–≤–æ–π –ø—Ä–æ—Ü–µ—Å—Å - –ü–æ –∫–∞–¥—Ä—É,–í—ã–±—Ä–∞—Ç—å —Ä–µ–∂–∏–º "–ü–æ –∫–∞–¥—Ä—É" –∏ –Ω–∞—á–∞—Ç—å –∏–≥—Ä—É,–°–æ–∑–¥–∞–Ω–∏–µ –∏–≥—Ä–æ–≤–æ–π —Å–µ—Å—Å–∏–∏ –æ—Ç–æ–±—Ä–∞–∂–µ–Ω–∏–µ –ø–µ—Ä–≤–æ–≥–æ –≤–æ–ø—Ä–æ—Å–∞ —Å –∏–∑–æ–±—Ä–∞–∂–µ–Ω–∏–µ–º –∫–∞–¥—Ä–∞ —Ç–∞–π–º–µ—Ä 60 —Å–µ–∫—É–Ω–¥ –≤–∞—Ä–∏–∞–Ω—Ç—ã –æ—Ç–≤–µ—Ç–æ–≤,,
3.2,–ò–≥—Ä–æ–≤–æ–π –ø—Ä–æ—Ü–µ—Å—Å - –ü–æ –∫–∞–¥—Ä—É,–ü—Ä–æ–≤–µ—Ä–∏—Ç—å –∑–∞–≥—Ä—É–∑–∫—É –∏–∑–æ–±—Ä–∞–∂–µ–Ω–∏—è –∫–∞–¥—Ä–∞,–ò–∑–æ–±—Ä–∞–∂–µ–Ω–∏–µ –∫–æ—Ä—Ä–µ–∫—Ç–Ω–æ –æ—Ç–æ–±—Ä–∞–∂–∞–µ—Ç—Å—è –±–µ–∑ –æ—à–∏–±–æ–∫ –∑–∞–≥—Ä—É–∑–∫–∏,,
3.3,–ò–≥—Ä–æ–≤–æ–π –ø—Ä–æ—Ü–µ—Å—Å - –ü–æ –∫–∞–¥—Ä—É,–í—ã–±—Ä–∞—Ç—å –ø—Ä–∞–≤–∏–ª—å–Ω—ã–π –≤–∞—Ä–∏–∞–Ω—Ç –æ—Ç–≤–µ—Ç–∞ –∏–∑ –ø—Ä–µ–¥–ª–æ–∂–µ–Ω–Ω—ã—Ö,–û—Ç–æ–±—Ä–∞–∂–µ–Ω–∏–µ —Å–æ–æ–±—â–µ–Ω–∏—è "–ü—Ä–∞–≤–∏–ª—å–Ω–æ!" –Ω–∞—á–∏—Å–ª–µ–Ω–∏–µ –æ—á–∫–æ–≤ (10 + –±–æ–Ω—É—Å –∑–∞ —Å–∫–æ—Ä–æ—Å—Ç—å) –ø–µ—Ä–µ—Ö–æ–¥ –∫ —Å–ª–µ–¥—É—é—â–µ–º—É –≤–æ–ø—Ä–æ—Å—É —á–µ—Ä–µ–∑ 2 —Å–µ–∫—É–Ω–¥—ã,,
3.4,–ò–≥—Ä–æ–≤–æ–π –ø—Ä–æ—Ü–µ—Å—Å - –ü–æ –∫–∞–¥—Ä—É,–í—ã–±—Ä–∞—Ç—å –Ω–µ–ø—Ä–∞–≤–∏–ª—å–Ω—ã–π –≤–∞—Ä–∏–∞–Ω—Ç –æ—Ç–≤–µ—Ç–∞,–û—Ç–æ–±—Ä–∞–∂–µ–Ω–∏–µ —Å–æ–æ–±—â–µ–Ω–∏—è "–ù–µ–ø—Ä–∞–≤–∏–ª—å–Ω–æ" –Ω–∞—á–∏—Å–ª–µ–Ω–∏–µ 0 –æ—á–∫–æ–≤ –ø–µ—Ä–µ—Ö–æ–¥ –∫ —Å–ª–µ–¥—É—é—â–µ–º—É –≤–æ–ø—Ä–æ—Å—É —á–µ—Ä–µ–∑ 2 —Å–µ–∫—É–Ω–¥—ã,,
3.5,–ò–≥—Ä–æ–≤–æ–π –ø—Ä–æ—Ü–µ—Å—Å - –ü–æ –∫–∞–¥—Ä—É,–û—Ç–≤–µ—Ç–∏—Ç—å –Ω–∞ –≤–æ–ø—Ä–æ—Å –¥–æ –∏—Å—Ç–µ—á–µ–Ω–∏—è —Ç–∞–π–º–µ—Ä–∞,–¢–∞–π–º–µ—Ä –æ—Å—Ç–∞–Ω–∞–≤–ª–∏–≤–∞–µ—Ç—Å—è –ø–æ—Å–ª–µ –æ—Ç–≤–µ—Ç–∞ –æ—á–∫–∏ –Ω–∞—á–∏—Å–ª—è—é—Ç—Å—è —Å —É—á–µ—Ç–æ–º –≤—Ä–µ–º–µ–Ω–∏,,
3.6,–ò–≥—Ä–æ–≤–æ–π –ø—Ä–æ—Ü–µ—Å—Å - –ü–æ –∫–∞–¥—Ä—É,–î–æ–∂–¥–∞—Ç—å—Å—è –∏—Å—Ç–µ—á–µ–Ω–∏—è 60 —Å–µ–∫—É–Ω–¥ –±–µ–∑ –æ—Ç–≤–µ—Ç–∞,–ê–≤—Ç–æ–º–∞—Ç–∏—á–µ—Å–∫–∞—è –æ—Ç–ø—Ä–∞–≤–∫–∞ –ø—É—Å—Ç–æ–≥–æ –æ—Ç–≤–µ—Ç–∞ –Ω–∞—á–∏—Å–ª–µ–Ω–∏–µ 0 –æ—á–∫–æ–≤ –ø–µ—Ä–µ—Ö–æ–¥ –∫ —Å–ª–µ–¥—É—é—â–µ–º—É –≤–æ–ø—Ä–æ—Å—É,,
3.7,–ò–≥—Ä–æ–≤–æ–π –ø—Ä–æ—Ü–µ—Å—Å - –ü–æ –∫–∞–¥—Ä—É,–û—Ç–≤–µ—Ç–∏—Ç—å –ø—Ä–∞–≤–∏–ª—å–Ω–æ –±—ã—Å—Ç—Ä–µ–µ 30 —Å–µ–∫—É–Ω–¥,–ù–∞—á–∏—Å–ª–µ–Ω–∏–µ –¥–æ–ø–æ–ª–Ω–∏—Ç–µ–ª—å–Ω—ã—Ö –æ—á–∫–æ–≤ (–¥–æ 5) –∑–∞ —Å–∫–æ—Ä–æ—Å—Ç—å,,
3.8,–ò–≥—Ä–æ–≤–æ–π –ø—Ä–æ—Ü–µ—Å—Å - –ü–æ –∫–∞–¥—Ä—É,–ü—Ä–æ–π—Ç–∏ –Ω–µ—Å–∫–æ–ª—å–∫–æ –≤–æ–ø—Ä–æ—Å–æ–≤ –ø–æ–¥—Ä—è–¥,–ö–æ—Ä—Ä–µ–∫—Ç–Ω—ã–π –ø–µ—Ä–µ—Ö–æ–¥ –º–µ–∂–¥—É –≤–æ–ø—Ä–æ—Å–∞–º–∏ —Å—á–µ—Ç—á–∏–∫ –≤–æ–ø—Ä–æ—Å–æ–≤ –æ–±–Ω–æ–≤–ª—è–µ—Ç—Å—è (1/10 2/10 –∏ —Ç.–¥.),,
3.9,–ò–≥—Ä–æ–≤–æ–π –ø—Ä–æ—Ü–µ—Å—Å - –ü–æ –∫–∞–¥—Ä—É,–û—Ç–≤–µ—Ç–∏—Ç—å –Ω–∞ –≤—Å–µ 10 –≤–æ–ø—Ä–æ—Å–æ–≤,–û—Ç–æ–±—Ä–∞–∂–µ–Ω–∏–µ –∏—Ç–æ–≥–æ–≤–æ–≥–æ —ç–∫—Ä–∞–Ω–∞ —Å —Ä–µ–∑—É–ª—å—Ç–∞—Ç–∞–º–∏ (–æ–±—â–µ–µ –∫–æ–ª–∏—á–µ—Å—Ç–≤–æ –æ—á–∫–æ–≤ –ø—Ä–∞–≤–∏–ª—å–Ω—ã—Ö –æ—Ç–≤–µ—Ç–æ–≤) –∫–Ω–æ–ø–∫–∏ "–ù–∞ –≥–ª–∞–≤–Ω—É—é" –∏ "–ù–æ–≤–∞—è –∏–≥—Ä–∞",,
3.10,–ò–≥—Ä–æ–≤–æ–π –ø—Ä–æ—Ü–µ—Å—Å - –ü–æ –∫–∞–¥—Ä—É,–ü–æ—Å–ª–µ –∑–∞–≤–µ—Ä—à–µ–Ω–∏—è —Å–µ—Å—Å–∏–∏ –Ω–∞–∂–∞—Ç—å "–ù–æ–≤–∞—è –∏–≥—Ä–∞",–ù–∞—á–∞–ª–æ –Ω–æ–≤–æ–π –∏–≥—Ä–æ–≤–æ–π —Å–µ—Å—Å–∏–∏ –≤ —Ç–æ–º –∂–µ —Ä–µ–∂–∏–º–µ,,
4.1,–ò–≥—Ä–æ–≤–æ–π –ø—Ä–æ—Ü–µ—Å—Å - –ü–æ –≤–∏–¥–µ–æ—Ñ—Ä–∞–≥–º–µ–Ω—Ç—É,–í—ã–±—Ä–∞—Ç—å —Ä–µ–∂–∏–º "–ü–æ –≤–∏–¥–µ–æ—Ñ—Ä–∞–≥–º–µ–Ω—Ç—É" –∏ –Ω–∞—á–∞—Ç—å –∏–≥—Ä—É,–°–æ–∑–¥–∞–Ω–∏–µ –∏–≥—Ä–æ–≤–æ–π —Å–µ—Å—Å–∏–∏ –æ—Ç–æ–±—Ä–∞–∂–µ–Ω–∏–µ –ø–µ—Ä–≤–æ–≥–æ –≤–æ–ø—Ä–æ—Å–∞ —Å –≤–∏–¥–µ–æ–ø–ª–µ–µ—Ä–æ–º —Ç–∞–π–º–µ—Ä 60 —Å–µ–∫—É–Ω–¥ –≤–∞—Ä–∏–∞–Ω—Ç—ã –æ—Ç–≤–µ—Ç–æ–≤,,
4.2,–ò–≥—Ä–æ–≤–æ–π –ø—Ä–æ—Ü–µ—Å—Å - –ü–æ –≤–∏–¥–µ–æ—Ñ—Ä–∞–≥–º–µ–Ω—Ç—É,–ü—Ä–æ–≤–µ—Ä–∏—Ç—å –∑–∞–≥—Ä—É–∑–∫—É –∏ –≤–æ—Å–ø—Ä–æ–∏–∑–≤–µ–¥–µ–Ω–∏–µ –≤–∏–¥–µ–æ,–í–∏–¥–µ–æ –∞–≤—Ç–æ–º–∞—Ç–∏—á–µ—Å–∫–∏ –Ω–∞—á–∏–Ω–∞–µ—Ç –≤–æ—Å–ø—Ä–æ–∏–∑–≤–æ–¥–∏—Ç—å—Å—è –µ—Å—Ç—å —ç–ª–µ–º–µ–Ω—Ç—ã —É–ø—Ä–∞–≤–ª–µ–Ω–∏—è (–ø–∞—É–∑–∞ –≥—Ä–æ–º–∫–æ—Å—Ç—å) –±–µ–∑ –æ—à–∏–±–æ–∫ –∑–∞–≥—Ä—É–∑–∫–∏,,
4.3,–ò–≥—Ä–æ–≤–æ–π –ø—Ä–æ—Ü–µ—Å—Å - –ü–æ –≤–∏–¥–µ–æ—Ñ—Ä–∞–≥–º–µ–Ω—Ç—É,–í—ã–±—Ä–∞—Ç—å –ø—Ä–∞–≤–∏–ª—å–Ω—ã–π/–Ω–µ–ø—Ä–∞–≤–∏–ª—å–Ω—ã–π –æ—Ç–≤–µ—Ç,–ê–Ω–∞–ª–æ–≥–∏—á–Ω–æ —Ç–µ—Å—Ç–∞–º 3.3-3.4 –Ω–æ —Å –≤–∏–¥–µ–æ–∫–æ–Ω—Ç–µ–Ω—Ç–æ–º,,
4.4,–ò–≥—Ä–æ–≤–æ–π –ø—Ä–æ—Ü–µ—Å—Å - –ü–æ –≤–∏–¥–µ–æ—Ñ—Ä–∞–≥–º–µ–Ω—Ç—É,–ü—Ä–æ–≤–µ—Ä–∏—Ç—å —Ä–∞–±–æ—Ç—É —Ç–∞–π–º–µ—Ä–∞ —Å –≤–∏–¥–µ–æ,–¢–∞–π–º–µ—Ä —Ä–∞–±–æ—Ç–∞–µ—Ç –∫–æ—Ä—Ä–µ–∫—Ç–Ω–æ –≤–∏–¥–µ–æ –ø—Ä–æ–¥–æ–ª–∂–∞–µ—Ç –≤–æ—Å–ø—Ä–æ–∏–∑–≤–µ–¥–µ–Ω–∏–µ,,
5.1,–ò–≥—Ä–æ–≤–æ–π –ø—Ä–æ—Ü–µ—Å—Å - –ü–æ —Ü–∏—Ç–∞—Ç–µ,–í—ã–±—Ä–∞—Ç—å —Ä–µ–∂–∏–º "–ü–æ —Ü–∏—Ç–∞—Ç–µ" –∏ –Ω–∞—á–∞—Ç—å –∏–≥—Ä—É,–°–æ–∑–¥–∞–Ω–∏–µ –∏–≥—Ä–æ–≤–æ–π —Å–µ—Å—Å–∏–∏ –æ—Ç–æ–±—Ä–∞–∂–µ–Ω–∏–µ –ø–µ—Ä–≤–æ–≥–æ –≤–æ–ø—Ä–æ—Å–∞ —Å —Ç–µ–∫—Å—Ç–æ–º —Ü–∏—Ç–∞—Ç—ã —Ç–∞–π–º–µ—Ä 60 —Å–µ–∫—É–Ω–¥ –ø–æ–ª–µ –≤–≤–æ–¥–∞ –∏–ª–∏ –≤–∞—Ä–∏–∞–Ω—Ç—ã –æ—Ç–≤–µ—Ç–æ–≤,,
5.2,–ò–≥—Ä–æ–≤–æ–π –ø—Ä–æ—Ü–µ—Å—Å - –ü–æ —Ü–∏—Ç–∞—Ç–µ,–í–≤–µ—Å—Ç–∏ –Ω–∞–∑–≤–∞–Ω–∏–µ —Ñ–∏–ª—å–º–∞ –≤ —Ç–µ–∫—Å—Ç–æ–≤–æ–µ –ø–æ–ª–µ –∏ –Ω–∞–∂–∞—Ç—å "–û—Ç–≤–µ—Ç–∏—Ç—å",–û—Ç–ø—Ä–∞–≤–∫–∞ –æ—Ç–≤–µ—Ç–∞ –ø—Ä–æ–≤–µ—Ä–∫–∞ –ø—Ä–∞–≤–∏–ª—å–Ω–æ—Å—Ç–∏ –Ω–∞—á–∏—Å–ª–µ–Ω–∏–µ –æ—á–∫–æ–≤,,
5.3,–ò–≥—Ä–æ–≤–æ–π –ø—Ä–æ—Ü–µ—Å—Å - –ü–æ —Ü–∏—Ç–∞—Ç–µ,–í–≤–µ—Å—Ç–∏ –Ω–∞–∑–≤–∞–Ω–∏–µ —Ñ–∏–ª—å–º–∞ –∏ –Ω–∞–∂–∞—Ç—å Enter,–û—Ç–ø—Ä–∞–≤–∫–∞ –æ—Ç–≤–µ—Ç–∞ –∞–Ω–∞–ª–æ–≥–∏—á–Ω–æ –∫–Ω–æ–ø–∫–µ "–û—Ç–≤–µ—Ç–∏—Ç—å",,
5.4,–ò–≥—Ä–æ–≤–æ–π –ø—Ä–æ—Ü–µ—Å—Å - –ü–æ —Ü–∏—Ç–∞—Ç–µ,–ü–æ–ø—ã—Ç–∫–∞ –æ—Ç–ø—Ä–∞–≤–∏—Ç—å –ø—É—Å—Ç–æ–π –æ—Ç–≤–µ—Ç,–ö–Ω–æ–ø–∫–∞ "–û—Ç–≤–µ—Ç–∏—Ç—å" –Ω–µ–∞–∫—Ç–∏–≤–Ω–∞ –æ—Ç–ø—Ä–∞–≤–∫–∞ –Ω–µ–≤–æ–∑–º–æ–∂–Ω–∞,,
5.5,–ò–≥—Ä–æ–≤–æ–π –ø—Ä–æ—Ü–µ—Å—Å - –ü–æ —Ü–∏—Ç–∞—Ç–µ,–í–≤–µ—Å—Ç–∏ –ø—Ä–∞–≤–∏–ª—å–Ω—ã–π/–Ω–µ–ø—Ä–∞–≤–∏–ª—å–Ω—ã–π –æ—Ç–≤–µ—Ç,–ö–æ—Ä—Ä–µ–∫—Ç–Ω–∞—è –ø—Ä–æ–≤–µ—Ä–∫–∞ –æ—Ç–≤–µ—Ç–∞ –Ω–∞—á–∏—Å–ª–µ–Ω–∏–µ –æ—á–∫–æ–≤,,
6.1,–ü—Ä–æ—Ñ–∏–ª—å –ø–æ–ª—å–∑–æ–≤–∞—Ç–µ–ª—è,–ü–µ—Ä–µ–π—Ç–∏ –Ω–∞ —Å—Ç—Ä–∞–Ω–∏—Ü—É –ø—Ä–æ—Ñ–∏–ª—è,–û—Ç–æ–±—Ä–∞–∂–µ–Ω–∏–µ –∏–Ω—Ñ–æ—Ä–º–∞—Ü–∏–∏ –æ –ø–æ–ª—å–∑–æ–≤–∞—Ç–µ–ª–µ (–Ω–∏–∫–Ω–µ–π–º email) —Å—Ç–∞—Ç–∏—Å—Ç–∏–∫–∏ (—Å—ã–≥—Ä–∞–Ω–æ —Ä–∞—É–Ω–¥–æ–≤ –≤—Å–µ–≥–æ –æ—Ç–≤–µ—Ç–æ–≤ –ø—Ä–∞–≤–∏–ª—å–Ω—ã—Ö –æ—Ç–≤–µ—Ç–æ–≤ –≤—Å–µ–≥–æ –æ—á–∫–æ–≤ —Ç–æ—á–Ω–æ—Å—Ç—å),,
6.2,–ü—Ä–æ—Ñ–∏–ª—å –ø–æ–ª—å–∑–æ–≤–∞—Ç–µ–ª—è,–°—ã–≥—Ä–∞—Ç—å –Ω–µ—Å–∫–æ–ª—å–∫–æ —Ä–∞—É–Ω–¥–æ–≤ –∏ –ø—Ä–æ–≤–µ—Ä–∏—Ç—å —Å—Ç–∞—Ç–∏—Å—Ç–∏–∫—É,–°—Ç–∞—Ç–∏—Å—Ç–∏–∫–∞ –æ–±–Ω–æ–≤–ª—è–µ—Ç—Å—è –∫–æ—Ä—Ä–µ–∫—Ç–Ω–æ –æ—Ç—Ä–∞–∂–∞–µ—Ç –≤—Å–µ —Å—ã–≥—Ä–∞–Ω–Ω—ã–µ —Ä–∞—É–Ω–¥—ã,,
6.3,–ü—Ä–æ—Ñ–∏–ª—å –ø–æ–ª—å–∑–æ–≤–∞—Ç–µ–ª—è,–ü—Ä–æ–≤–µ—Ä–∏—Ç—å —Ä–∞–∑–¥–µ–ª –¥–æ—Å—Ç–∏–∂–µ–Ω–∏–π,–û—Ç–æ–±—Ä–∞–∂–µ–Ω–∏–µ —Å–ø–∏—Å–∫–∞ –¥–æ—Å—Ç–∏–∂–µ–Ω–∏–π —Å –∏—Ö —Å—Ç–∞—Ç—É—Å–æ–º (–∑–∞–±–ª–æ–∫–∏—Ä–æ–≤–∞–Ω–æ/–ø–æ–ª—É—á–µ–Ω–æ),,
6.4,–ü—Ä–æ—Ñ–∏–ª—å –ø–æ–ª—å–∑–æ–≤–∞—Ç–µ–ª—è,–í—ã–ø–æ–ª–Ω–∏—Ç—å —É—Å–ª–æ–≤–∏–µ –¥–ª—è –ø–æ–ª—É—á–µ–Ω–∏—è –¥–æ—Å—Ç–∏–∂–µ–Ω–∏—è,–î–æ—Å—Ç–∏–∂–µ–Ω–∏–µ –æ—Ç–æ–±—Ä–∞–∂–∞–µ—Ç—Å—è –∫–∞–∫ –ø–æ–ª—É—á–µ–Ω–Ω–æ–µ (–∏–∫–æ–Ω–∫–∞ üèÜ –≤–º–µ—Å—Ç–æ üîí),,
7.1,–†–µ–π—Ç–∏–Ω–≥/–õ–∏–¥–µ—Ä–±–æ—Ä–¥,–ü–µ—Ä–µ–π—Ç–∏ –Ω–∞ —Å—Ç—Ä–∞–Ω–∏—Ü—É —Ä–µ–π—Ç–∏–Ω–≥–∞,–û—Ç–æ–±—Ä–∞–∂–µ–Ω–∏–µ –≥–ª–æ–±–∞–ª—å–Ω–æ–≥–æ —Ä–µ–π—Ç–∏–Ω–≥–∞ (—Ç–æ–ø-50 –∏–≥—Ä–æ–∫–æ–≤) —Å –ø–æ–∑–∏—Ü–∏–µ–π –Ω–∏–∫–Ω–µ–π–º–æ–º –æ—á–∫–∞–º–∏ –∏ —Ç–æ—á–Ω–æ—Å—Ç—å—é,,
7.2,–†–µ–π—Ç–∏–Ω–≥/–õ–∏–¥–µ—Ä–±–æ—Ä–¥,–ü—Ä–æ–≤–µ—Ä–∏—Ç—å –±–ª–æ–∫ "–í–∞—à–∞ –ø–æ–∑–∏—Ü–∏—è",–û—Ç–æ–±—Ä–∞–∂–µ–Ω–∏–µ —Ç–µ–∫—É—â–µ–π –ø–æ–∑–∏—Ü–∏–∏ –ø–æ–ª—å–∑–æ–≤–∞—Ç–µ–ª—è –≤ —Ä–µ–π—Ç–∏–Ω–≥–µ –µ–≥–æ –æ—á–∫–æ–≤ –∏ —Ç–æ—á–Ω–æ—Å—Ç–∏,,
7.3,–†–µ–π—Ç–∏–Ω–≥/–õ–∏–¥–µ—Ä–±–æ—Ä–¥,–ü—Ä–æ–≤–µ—Ä–∏—Ç—å –≤—ã–¥–µ–ª–µ–Ω–∏–µ —Å—Ç—Ä–æ–∫–∏ –ø–æ–ª—å–∑–æ–≤–∞—Ç–µ–ª—è –≤ —Ç–∞–±–ª–∏—Ü–µ,–°—Ç—Ä–æ–∫–∞ —Å –¥–∞–Ω–Ω—ã–º–∏ —Ç–µ–∫—É—â–µ–≥–æ –ø–æ–ª—å–∑–æ–≤–∞—Ç–µ–ª—è –≤—ã–¥–µ–ª–µ–Ω–∞ —Ü–≤–µ—Ç–æ–º,,
7.4,–†–µ–π—Ç–∏–Ω–≥/–õ–∏–¥–µ—Ä–±–æ—Ä–¥,–ü—Ä–æ–≤–µ—Ä–∏—Ç—å –æ—Ç–æ–±—Ä–∞–∂–µ–Ω–∏–µ –º–µ–¥–∞–ª–µ–π –¥–ª—è —Ç–æ–ø-3,–ü–µ—Ä–≤—ã–µ —Ç—Ä–∏ –ø–æ–∑–∏—Ü–∏–∏ –æ—Ç–æ–±—Ä–∞–∂–∞—é—Ç—Å—è —Å —ç–º–æ–¥–∑–∏ –º–µ–¥–∞–ª–µ–π (ü•á ü•à ü•â),,
7.5,–†–µ–π—Ç–∏–Ω–≥/–õ–∏–¥–µ—Ä–±–æ—Ä–¥,–°—ã–≥—Ä–∞—Ç—å –∏–≥—Ä—É –Ω–∞–±—Ä–∞—Ç—å –æ—á–∫–∏ –ø—Ä–æ–≤–µ—Ä–∏—Ç—å —Ä–µ–π—Ç–∏–Ω–≥,–ü–æ–∑–∏—Ü–∏—è –≤ —Ä–µ–π—Ç–∏–Ω–≥–µ –æ–±–Ω–æ–≤–ª—è–µ—Ç—Å—è –≤ —Å–æ–æ—Ç–≤–µ—Ç—Å—Ç–≤–∏–∏ —Å –Ω–æ–≤—ã–º–∏ –æ—á–∫–∞–º–∏,,
8.1,–ù–∞–≤–∏–≥–∞—Ü–∏—è –∏ –º–∞—Ä—à—Ä—É—Ç–∏–∑–∞—Ü–∏—è,–ü–æ–ø—ã—Ç–∫–∞ –¥–æ—Å—Ç—É–ø–∞ –∫ –∑–∞—â–∏—â–µ–Ω–Ω—ã–º —Å—Ç—Ä–∞–Ω–∏—Ü–∞–º –±–µ–∑ –∞–≤—Ç–æ—Ä–∏–∑–∞—Ü–∏–∏,–ê–≤—Ç–æ–º–∞—Ç–∏—á–µ—Å–∫–æ–µ –ø–µ—Ä–µ–Ω–∞–ø—Ä–∞–≤–ª–µ–Ω–∏–µ –Ω–∞ —Å—Ç—Ä–∞–Ω–∏—Ü—É –≤—Ö–æ–¥–∞,,
8.2,–ù–∞–≤–∏–≥–∞—Ü–∏—è –∏ –º–∞—Ä—à—Ä—É—Ç–∏–∑–∞—Ü–∏—è,–ü–æ–ø—ã—Ç–∫–∞ –ø–µ—Ä–µ–π—Ç–∏ –Ω–∞ /login –∏–ª–∏ /register –±—É–¥—É—á–∏ –∞–≤—Ç–æ—Ä–∏–∑–æ–≤–∞–Ω–Ω—ã–º,–ê–≤—Ç–æ–º–∞—Ç–∏—á–µ—Å–∫–æ–µ –ø–µ—Ä–µ–Ω–∞–ø—Ä–∞–≤–ª–µ–Ω–∏–µ –Ω–∞ –≥–ª–∞–≤–Ω—É—é —Å—Ç—Ä–∞–Ω–∏—Ü—É,,
8.3,–ù–∞–≤–∏–≥–∞—Ü–∏—è –∏ –º–∞—Ä—à—Ä—É—Ç–∏–∑–∞—Ü–∏—è,–ü–µ—Ä–µ—Ö–æ–¥—ã –º–µ–∂–¥—É –≤—Å–µ–º–∏ —Å—Ç—Ä–∞–Ω–∏—Ü–∞–º–∏ —á–µ—Ä–µ–∑ –Ω–∞–≤–∏–≥–∞—Ü–∏–æ–Ω–Ω–æ–µ –º–µ–Ω—é,–ö–æ—Ä—Ä–µ–∫—Ç–Ω–∞—è —Ä–∞–±–æ—Ç–∞ –≤—Å–µ—Ö —Å—Å—ã–ª–æ–∫ —Å–æ—Ö—Ä–∞–Ω–µ–Ω–∏–µ —Å–æ—Å—Ç–æ—è–Ω–∏—è –∞–≤—Ç–æ—Ä–∏–∑–∞—Ü–∏–∏,,
9.1,–û–±—Ä–∞–±–æ—Ç–∫–∞ –æ—à–∏–±–æ–∫,–û—Ç–∫–ª—é—á–∏—Ç—å –∏–Ω—Ç–µ—Ä–Ω–µ—Ç –∏ –ø–æ–ø—ã—Ç–∞—Ç—å—Å—è –≤—ã–ø–æ–ª–Ω–∏—Ç—å –¥–µ–π—Å—Ç–≤–∏–µ,–û—Ç–æ–±—Ä–∞–∂–µ–Ω–∏–µ –ø–æ–Ω—è—Ç–Ω–æ–≥–æ —Å–æ–æ–±—â–µ–Ω–∏—è –æ–± –æ—à–∏–±–∫–µ,,
9.2,–û–±—Ä–∞–±–æ—Ç–∫–∞ –æ—à–∏–±–æ–∫,–°–∏–º—É–ª—è—Ü–∏—è –æ—à–∏–±–∫–∏ —Å–µ—Ä–≤–µ—Ä–∞ (500),–û—Ç–æ–±—Ä–∞–∂–µ–Ω–∏–µ —Å–æ–æ–±—â–µ–Ω–∏—è –æ–± –æ—à–∏–±–∫–µ –ø—Ä–∏–ª–æ–∂–µ–Ω–∏–µ –Ω–µ –ø–∞–¥–∞–µ—Ç,,
9.3,–û–±—Ä–∞–±–æ—Ç–∫–∞ –æ—à–∏–±–æ–∫,–ü–æ–ø—ã—Ç–∫–∞ –∑–∞–≥—Ä—É–∑–∏—Ç—å –∏–∑–æ–±—Ä–∞–∂–µ–Ω–∏–µ/–≤–∏–¥–µ–æ –∫–æ—Ç–æ—Ä–æ–≥–æ –Ω–µ—Ç –≤ MinIO,–û—Ç–æ–±—Ä–∞–∂–µ–Ω–∏–µ –ø—Ä–µ–¥—É–ø—Ä–µ–∂–¥–µ–Ω–∏—è –æ –Ω–µ–¥–æ—Å—Ç—É–ø–Ω–æ—Å—Ç–∏ –º–µ–¥–∏–∞—Ñ–∞–π–ª–∞,,
9.4,–û–±—Ä–∞–±–æ—Ç–∫–∞ –æ—à–∏–±–æ–∫,–ò—Å–ø–æ–ª—å–∑–æ–≤–∞—Ç—å –∏—Å—Ç–µ–∫—à–∏–π –∏–ª–∏ –Ω–µ–≤–∞–ª–∏–¥–Ω—ã–π —Ç–æ–∫–µ–Ω,–ê–≤—Ç–æ–º–∞—Ç–∏—á–µ—Å–∫–∏–π –≤—ã—Ö–æ–¥ –∏–∑ —Å–∏—Å—Ç–µ–º—ã –ø–µ—Ä–µ–Ω–∞–ø—Ä–∞–≤–ª–µ–Ω–∏–µ –Ω–∞ —Å—Ç—Ä–∞–Ω–∏—Ü—É –≤—Ö–æ–¥–∞,,
10.1,–ü—Ä–æ–∏–∑–≤–æ–¥–∏—Ç–µ–ª—å–Ω–æ—Å—Ç—å –∏ UX,–ü—Ä–æ–≤–µ—Ä–∏—Ç—å –≤—Ä–µ–º—è –∑–∞–≥—Ä—É–∑–∫–∏ –≤—Å–µ—Ö —Å—Ç—Ä–∞–Ω–∏—Ü,–°—Ç—Ä–∞–Ω–∏—Ü—ã –∑–∞–≥—Ä—É–∂–∞—é—Ç—Å—è –±—ã—Å—Ç—Ä–æ (< 2 —Å–µ–∫—É–Ω–¥),,
10.2,–ü—Ä–æ–∏–∑–≤–æ–¥–∏—Ç–µ–ª—å–Ω–æ—Å—Ç—å –∏ UX,–ü—Ä–æ–≤–µ—Ä–∏—Ç—å –ø–µ—Ä–µ—Ö–æ–¥—ã –∏ –∞–Ω–∏–º–∞—Ü–∏–∏,–ü–ª–∞–≤–Ω—ã–µ –ø–µ—Ä–µ—Ö–æ–¥—ã –º–µ–∂–¥—É —Å–æ—Å—Ç–æ—è–Ω–∏—è–º–∏ –Ω–µ—Ç —Ä—ã–≤–∫–æ–≤,,

